{
  "register.new.js": 1776757813.8733828,
  "dashboard.new.js": 1776759730.4016123,
  "student.new.js": 1776759663.557014,
  "college-grade.new.js": 1776759631.4899275,
  "\uc9c0\uc810\uad00\ub9ac.new.js": 1776759797.8434775,
  "\uc2e4\uae30\uae30\uc900.new.js": 1776759572.4764075,
  "announcement_manager.new.js": 1776763184.085467,
  "counsel.new.js": 1776761692.1183379,
  "login.new.js": 1776758819.9234734,
  "\uc2e4\uae30\ubc30\uc810\uc218\uc815.new.js": 1776763184.7094302,
  "admin.new.js": 1776763182.4926314,
  "assets/js/combobox.js": 1776694787.2117639,
  "assets/js/auth.js": 1776761163.0941193,
  "assets/js/bootstrap.js": 1776761164.7022357,
  "assets/js/utils.js": 1776694787.2126765,
  "assets/js/api.js": 1776694836.6840193,
  "assets/js/modal.js": 1776694787.2121103,
  "assets/js/toast.js": 1776694787.2124112,
  "assets/vendor/html2canvas.min.js": 1776701006.2981846,
  "assets/vendor/xlsx.full.min.js": 1776763160.583001,
  "assets/vendor/NanumGothic-normal.js": 1776701009.2498398,
  "assets/vendor/jspdf.umd.min.js": 1776701006.2630923,
  "register.new.html": 1776757752.0183098,
  "_smoke.html": 1776697274.2659075,
  "admin.new.html": 1776759534.045279,
  "announcement_manager.new.html": 1776759604.0509586,
  "student.new.html": 1776759491.5671103,
  "dashboard.new.html": 1776759676.2772307,
  "counsel.new.html": 1776762300.794081,
  "_design-prompt.txt": 1776697486.0331533,
  "\uc2e4\uae30\ubc30\uc810\uc218\uc815.new.html": 1776759591.825732,
  "login.new.html": 1776757697.6146913,
  "\uc2e4\uae30\uae30\uc900.new.html": 1776759529.0740755,
  "_design-prompt-counsel-layout.txt": 1776702025.6222253,
  "college-grade.new.html": 1776759578.3640418,
  "\uc9c0\uc810\uad00\ub9ac.new.html": 1776763191.5929348,
  "graphify-out/graph.html": 1776767653.1087139,
  "graphify-out/GRAPH_REPORT.md": 1776767649.9045622,
  "_design-ref/README.md": 1776704600.8051047,
  "_design-ref/counsel-redesign.html": 1776704600.8031852,
  "templates/page.html": 1776697275.9684658,
  "assets/sidebar.html": 1776699556.8304114,
  "assets/img/max-logo.png": 1776757140.6568658
}