{
  "utils.js": 1776692413.5012567,
  "_backend/susi-server-new.js": 1774543299.0,
  "_backend/calculation-logic.js": 1761386443.0,
  "_backend/calculation-logic-26.js": 1774540985.0,
  "_backend/calculation-logic-27.js": 1774540985.0,
  "_backend/collegedebug.js": 1758520216.0,
  "_backend/26susi.js": 1772794282.0,
  "_backend/server.js": 1773985421.0,
  "_backend/susi-server.js": 1774543969.0,
  "_backend/collegeCalculator.js": 1746346836.0,
  "_backend/drsports.js": 1746932740.0,
  "_backend/scoreTable.js": 1772794282.0,
  "_backend/collegeManage.js": 1745774768.0,
  "_backend/collegeCalculate.js": 1746334215.0,
  "_backend/specialSchools.js": 1773985508.0,
  "\uc2e4\uae30\uae30\uc900.html": 1776692413.5015655,
  "index.html": 1776692413.5007215,
  "counsel_group.html": 1776692413.5000048,
  "admin.html": 1776692413.4993215,
  "counsel.html": 1776692413.4998605,
  "announcement_manager.html": 1776692413.4994292,
  "register.html": 1776692413.5010757,
  "college-grade.html": 1776692413.4997048,
  "login.html": 1776692413.5009522,
  "cut_manager.html": 1776692413.5001302,
  "dashboard.html": 1776692413.5002286,
  "README.md": 1776692413.4991655,
  "\uc9c0\uc810\uad00\ub9ac.html": 1776692413.501798,
  "\uc2e4\uae30\ubc30\uc810\uc218\uc815.html": 1776692413.501664,
  "final_confirm.html": 1776692413.500493,
  "live.html": 1776692413.500857,
  "\ud2b9\uc218\uc2dd\uc791\uc5c5\uc6a9.html": 1776692413.5018919,
  "student.html": 1776692413.5011697,
  "branch_summary.html": 1776692413.499549,
  "explore.html": 1776692413.5003395,
  "26mobile.html": 1776692413.4990733,
  "25max.png": 1776692413.498882,
  "\ub9e5\uc2a4\ub85c\uace0.png": 1776692413.5013378,
  "\ub9e5\uc2a4\ub85c\uace01.png": 1776692413.5014784
}